title,label
New study explains advances in astronomy,Pendidikan
How geology is changing the future of science,Pendidikan
Researchers discover surprising facts about history,Pendidikan
New study explains advances in physics,Pendidikan
University lecture explores oceanography,Pendidikan
New study explains advances in astronomy,Pendidikan
New study explains advances in mathematics,Pendidikan
Researchers discover surprising facts about astronomy,Pendidikan
University lecture explores mathematics,Pendidikan
University lecture explores oceanography,Pendidikan
Researchers discover surprising facts about genetics,Pendidikan
University lecture explores climate science,Pendidikan
New study explains advances in archaeology,Pendidikan
Understanding AI research through modern research,Pendidikan
How history is changing the future of science,Pendidikan
Researchers discover surprising facts about AI research,Pendidikan
New study explains advances in physics,Pendidikan
Understanding chemistry through modern research,Pendidikan
How medicine is changing the future of science,Pendidikan
University lecture explores climate science,Pendidikan
New study explains advances in genetics,Pendidikan
University lecture explores chemistry,Pendidikan
Understanding physics through modern research,Pendidikan
University lecture explores robotics,Pendidikan
University lecture explores medicine,Pendidikan
University lecture explores mathematics,Pendidikan
New study explains advances in biology,Pendidikan
Researchers discover surprising facts about robotics,Pendidikan
New study explains advances in geology,Pendidikan
New study explains advances in education,Pendidikan
How genetics is changing the future of science,Pendidikan
How archaeology is changing the future of science,Pendidikan
How medicine is changing the future of science,Pendidikan
Researchers discover surprising facts about climate science,Pendidikan
New study explains advances in archaeology,Pendidikan
University lecture explores geology,Pendidikan
Researchers discover surprising facts about genetics,Pendidikan
Understanding climate science through modern research,Pendidikan
University lecture explores geology,Pendidikan
How biology is changing the future of science,Pendidikan
Researchers discover surprising facts about biology,Pendidikan
How education is changing the future of science,Pendidikan
How physics is changing the future of science,Pendidikan
Researchers discover surprising facts about AI research,Pendidikan
Researchers discover surprising facts about ecology,Pendidikan
Understanding genetics through modern research,Pendidikan
Researchers discover surprising facts about climate science,Pendidikan
Researchers discover surprising facts about geology,Pendidikan
University lecture explores climate science,Pendidikan
University lecture explores oceanography,Pendidikan
University lecture explores education,Pendidikan
How geology is changing the future of science,Pendidikan
Researchers discover surprising facts about ecology,Pendidikan
New study explains advances in biology,Pendidikan
New study explains advances in history,Pendidikan
Researchers discover surprising facts about oceanography,Pendidikan
University lecture explores physics,Pendidikan
Understanding education through modern research,Pendidikan
University lecture explores genetics,Pendidikan
University lecture explores climate science,Pendidikan
University lecture explores astronomy,Pendidikan
New study explains advances in climate science,Pendidikan
How chemistry is changing the future of science,Pendidikan
How oceanography is changing the future of science,Pendidikan
Researchers discover surprising facts about genetics,Pendidikan
New study explains advances in climate science,Pendidikan
University lecture explores archaeology,Pendidikan
University lecture explores chemistry,Pendidikan
How mathematics is changing the future of science,Pendidikan
Researchers discover surprising facts about medicine,Pendidikan
Researchers discover surprising facts about astronomy,Pendidikan
University lecture explores AI research,Pendidikan
Understanding astronomy through modern research,Pendidikan
New study explains advances in medicine,Pendidikan
How geology is changing the future of science,Pendidikan
New study explains advances in geology,Pendidikan
University lecture explores physics,Pendidikan
New study explains advances in ecology,Pendidikan
New study explains advances in history,Pendidikan
Researchers discover surprising facts about ecology,Pendidikan
University lecture explores archaeology,Pendidikan
How oceanography is changing the future of science,Pendidikan
Researchers discover surprising facts about mathematics,Pendidikan
How education is changing the future of science,Pendidikan
How genetics is changing the future of science,Pendidikan
University lecture explores genetics,Pendidikan
New study explains advances in geology,Pendidikan
Researchers discover surprising facts about physics,Pendidikan
How astronomy is changing the future of science,Pendidikan
University lecture explores geology,Pendidikan
University lecture explores geology,Pendidikan
New study explains advances in physics,Pendidikan
New study explains advances in geology,Pendidikan
New study explains advances in biology,Pendidikan
How physics is changing the future of science,Pendidikan
University lecture explores geology,Pendidikan
How ecology is changing the future of science,Pendidikan
Researchers discover surprising facts about history,Pendidikan
University lecture explores ecology,Pendidikan
Researchers discover surprising facts about ecology,Pendidikan
Understanding mathematics through modern research,Pendidikan
New study explains advances in chemistry,Pendidikan
Understanding medicine through modern research,Pendidikan
Understanding oceanography through modern research,Pendidikan
Understanding biology through modern research,Pendidikan
New study explains advances in biology,Pendidikan
Understanding AI research through modern research,Pendidikan
New study explains advances in geology,Pendidikan
Researchers discover surprising facts about mathematics,Pendidikan
University lecture explores genetics,Pendidikan
Researchers discover surprising facts about oceanography,Pendidikan
Researchers discover surprising facts about climate science,Pendidikan
Understanding geology through modern research,Pendidikan
New study explains advances in genetics,Pendidikan
University lecture explores chemistry,Pendidikan
New study explains advances in astronomy,Pendidikan
New study explains advances in geology,Pendidikan
Researchers discover surprising facts about oceanography,Pendidikan
Understanding ecology through modern research,Pendidikan
Researchers discover surprising facts about education,Pendidikan
New study explains advances in archaeology,Pendidikan
Understanding astronomy through modern research,Pendidikan
Understanding climate science through modern research,Pendidikan
Understanding robotics through modern research,Pendidikan
Understanding ecology through modern research,Pendidikan
Researchers discover surprising facts about mathematics,Pendidikan
How mathematics is changing the future of science,Pendidikan
New study explains advances in biology,Pendidikan
How biology is changing the future of science,Pendidikan
New study explains advances in ecology,Pendidikan
University lecture explores archaeology,Pendidikan
New study explains advances in physics,Pendidikan
Researchers discover surprising facts about physics,Pendidikan
University lecture explores physics,Pendidikan
Researchers discover surprising facts about education,Pendidikan
New study explains advances in geology,Pendidikan
University lecture explores biology,Pendidikan
University lecture explores physics,Pendidikan
Understanding AI research through modern research,Pendidikan
How mathematics is changing the future of science,Pendidikan
How geology is changing the future of science,Pendidikan
How education is changing the future of science,Pendidikan
Researchers discover surprising facts about robotics,Pendidikan
Understanding AI research through modern research,Pendidikan
New study explains advances in astronomy,Pendidikan
Understanding chemistry through modern research,Pendidikan
New study explains advances in mathematics,Pendidikan
University lecture explores climate science,Pendidikan
Researchers discover surprising facts about medicine,Pendidikan
New study explains advances in geology,Pendidikan
How robotics is changing the future of science,Pendidikan
Researchers discover surprising facts about genetics,Pendidikan
University lecture explores robotics,Pendidikan
University lecture explores astronomy,Pendidikan
University lecture explores robotics,Pendidikan
New study explains advances in history,Pendidikan
How chemistry is changing the future of science,Pendidikan
New study explains advances in history,Pendidikan
How robotics is changing the future of science,Pendidikan
University lecture explores mathematics,Pendidikan
How mathematics is changing the future of science,Pendidikan
How ecology is changing the future of science,Pendidikan
How biology is changing the future of science,Pendidikan
New study explains advances in oceanography,Pendidikan
How biology is changing the future of science,Pendidikan
New study explains advances in AI research,Pendidikan
Researchers discover surprising facts about climate science,Pendidikan
Researchers discover surprising facts about genetics,Pendidikan
University lecture explores oceanography,Pendidikan
University lecture explores astronomy,Pendidikan
New study explains advances in physics,Pendidikan
Researchers discover surprising facts about biology,Pendidikan
How history is changing the future of science,Pendidikan
Understanding history through modern research,Pendidikan
New study explains advances in robotics,Pendidikan
How biology is changing the future of science,Pendidikan
How mathematics is changing the future of science,Pendidikan
Researchers discover surprising facts about chemistry,Pendidikan
How oceanography is changing the future of science,Pendidikan
University lecture explores history,Pendidikan
Researchers discover surprising facts about archaeology,Pendidikan
Researchers discover surprising facts about oceanography,Pendidikan
New study explains advances in archaeology,Pendidikan
How oceanography is changing the future of science,Pendidikan
Researchers discover surprising facts about climate science,Pendidikan
Researchers discover surprising facts about chemistry,Pendidikan
Understanding biology through modern research,Pendidikan
Understanding geology through modern research,Pendidikan
Researchers discover surprising facts about genetics,Pendidikan
How robotics is changing the future of science,Pendidikan
Researchers discover surprising facts about geology,Pendidikan
New study explains advances in mathematics,Pendidikan
Understanding AI research through modern research,Pendidikan
How physics is changing the future of science,Pendidikan
How medicine is changing the future of science,Pendidikan
University lecture explores education,Pendidikan
University lecture explores AI research,Pendidikan
New study explains advances in chemistry,Pendidikan
How archaeology is changing the future of science,Pendidikan
University lecture explores climate science,Pendidikan
New study explains advances in chemistry,Pendidikan
University lecture explores oceanography,Pendidikan
How AI research is changing the future of science,Pendidikan
Understanding chemistry through modern research,Pendidikan
Understanding mathematics through modern research,Pendidikan
How biology is changing the future of science,Pendidikan
Understanding astronomy through modern research,Pendidikan
University lecture explores mathematics,Pendidikan
How oceanography is changing the future of science,Pendidikan
New study explains advances in AI research,Pendidikan
University lecture explores AI research,Pendidikan
New study explains advances in robotics,Pendidikan
University lecture explores robotics,Pendidikan
Understanding AI research through modern research,Pendidikan
Understanding robotics through modern research,Pendidikan
University lecture explores history,Pendidikan
Researchers discover surprising facts about oceanography,Pendidikan
Understanding archaeology through modern research,Pendidikan
University lecture explores robotics,Pendidikan
Understanding astronomy through modern research,Pendidikan
How robotics is changing the future of science,Pendidikan
Researchers discover surprising facts about oceanography,Pendidikan
University lecture explores AI research,Pendidikan
Understanding genetics through modern research,Pendidikan
Understanding mathematics through modern research,Pendidikan
University lecture explores ecology,Pendidikan
Researchers discover surprising facts about physics,Pendidikan
How AI research is changing the future of science,Pendidikan
New study explains advances in geology,Pendidikan
How geology is changing the future of science,Pendidikan
Researchers discover surprising facts about history,Pendidikan
New study explains advances in biology,Pendidikan
Researchers discover surprising facts about ecology,Pendidikan
University lecture explores physics,Pendidikan
Understanding oceanography through modern research,Pendidikan
University lecture explores mathematics,Pendidikan
Understanding ecology through modern research,Pendidikan
Understanding geology through modern research,Pendidikan
Researchers discover surprising facts about astronomy,Pendidikan
New study explains advances in oceanography,Pendidikan
Researchers discover surprising facts about archaeology,Pendidikan
University lecture explores genetics,Pendidikan
New study explains advances in geology,Pendidikan
New study explains advances in genetics,Pendidikan
Researchers discover surprising facts about genetics,Pendidikan
University lecture explores AI research,Pendidikan
Understanding oceanography through modern research,Pendidikan
University lecture explores genetics,Pendidikan
Researchers discover surprising facts about ecology,Pendidikan
Understanding climate science through modern research,Pendidikan
Live reactions to gaming livestream,Bukan Pendidikan
Top highlights from travel vlog,Bukan Pendidikan
First impressions of gaming livestream,Bukan Pendidikan
Live reactions to stock market,Bukan Pendidikan
First impressions of celebrity gossip,Bukan Pendidikan
Top highlights from smartphone launch,Bukan Pendidikan
Top highlights from election campaign,Bukan Pendidikan
Top highlights from travel vlog,Bukan Pendidikan
Breaking news about movie premiere today,Bukan Pendidikan
Live reactions to smartphone launch,Bukan Pendidikan
First impressions of fashion show,Bukan Pendidikan
Live reactions to fashion show,Bukan Pendidikan
Live reactions to celebrity gossip,Bukan Pendidikan
First impressions of music awards,Bukan Pendidikan
Top highlights from travel vlog,Bukan Pendidikan
First impressions of music awards,Bukan Pendidikan
Breaking news about smartphone launch today,Bukan Pendidikan
First impressions of music awards,Bukan Pendidikan
Fans debate fashion show online,Bukan Pendidikan
Breaking news about car review today,Bukan Pendidikan
First impressions of boxing match,Bukan Pendidikan
Breaking news about election campaign today,Bukan Pendidikan
Top highlights from music awards,Bukan Pendidikan
First impressions of travel vlog,Bukan Pendidikan
Fans debate car review online,Bukan Pendidikan
Live reactions to boxing match,Bukan Pendidikan
Live reactions to stock market,Bukan Pendidikan
First impressions of boxing match,Bukan Pendidikan
Breaking news about music awards today,Bukan Pendidikan
Top highlights from gaming livestream,Bukan Pendidikan
First impressions of fashion show,Bukan Pendidikan
Live reactions to boxing match,Bukan Pendidikan
Live reactions to car review,Bukan Pendidikan
Fans debate football online,Bukan Pendidikan
First impressions of car review,Bukan Pendidikan
Fans debate gaming livestream online,Bukan Pendidikan
Breaking news about celebrity gossip today,Bukan Pendidikan
First impressions of movie premiere,Bukan Pendidikan
First impressions of movie premiere,Bukan Pendidikan
Breaking news about stock market today,Bukan Pendidikan
First impressions of election campaign,Bukan Pendidikan
Live reactions to boxing match,Bukan Pendidikan
Top highlights from election campaign,Bukan Pendidikan
First impressions of stock market,Bukan Pendidikan
First impressions of stock market,Bukan Pendidikan
Breaking news about boxing match today,Bukan Pendidikan
Breaking news about fashion show today,Bukan Pendidikan
Fans debate football online,Bukan Pendidikan
Top highlights from smartphone launch,Bukan Pendidikan
Breaking news about gaming livestream today,Bukan Pendidikan
Breaking news about football today,Bukan Pendidikan
Live reactions to smartphone launch,Bukan Pendidikan
Breaking news about car review today,Bukan Pendidikan
Live reactions to smartphone launch,Bukan Pendidikan
Live reactions to boxing match,Bukan Pendidikan
Breaking news about car review today,Bukan Pendidikan
Live reactions to boxing match,Bukan Pendidikan
Top highlights from election campaign,Bukan Pendidikan
Live reactions to car review,Bukan Pendidikan
Fans debate fashion show online,Bukan Pendidikan
Breaking news about movie premiere today,Bukan Pendidikan
Top highlights from celebrity gossip,Bukan Pendidikan
Fans debate football online,Bukan Pendidikan
Top highlights from car review,Bukan Pendidikan
First impressions of music awards,Bukan Pendidikan
Live reactions to celebrity gossip,Bukan Pendidikan
Fans debate fashion show online,Bukan Pendidikan
Live reactions to celebrity gossip,Bukan Pendidikan
Top highlights from gaming livestream,Bukan Pendidikan
Fans debate celebrity gossip online,Bukan Pendidikan
Fans debate football online,Bukan Pendidikan
Top highlights from travel vlog,Bukan Pendidikan
First impressions of gaming livestream,Bukan Pendidikan
Top highlights from celebrity gossip,Bukan Pendidikan
Fans debate gaming livestream online,Bukan Pendidikan
Top highlights from football,Bukan Pendidikan
First impressions of boxing match,Bukan Pendidikan
Breaking news about music awards today,Bukan Pendidikan
Top highlights from gaming livestream,Bukan Pendidikan
First impressions of fashion show,Bukan Pendidikan
Live reactions to music awards,Bukan Pendidikan
Live reactions to fashion show,Bukan Pendidikan
Fans debate gaming livestream online,Bukan Pendidikan
Top highlights from car review,Bukan Pendidikan
Fans debate boxing match online,Bukan Pendidikan
First impressions of music awards,Bukan Pendidikan
Fans debate stock market online,Bukan Pendidikan
Top highlights from smartphone launch,Bukan Pendidikan
Breaking news about stock market today,Bukan Pendidikan
First impressions of smartphone launch,Bukan Pendidikan
First impressions of car review,Bukan Pendidikan
Fans debate gaming livestream online,Bukan Pendidikan
First impressions of election campaign,Bukan Pendidikan
Breaking news about boxing match today,Bukan Pendidikan
Top highlights from movie premiere,Bukan Pendidikan
First impressions of smartphone launch,Bukan Pendidikan
Top highlights from stock market,Bukan Pendidikan
Top highlights from stock market,Bukan Pendidikan
Fans debate fashion show online,Bukan Pendidikan
Top highlights from travel vlog,Bukan Pendidikan
Breaking news about travel vlog today,Bukan Pendidikan
Live reactions to celebrity gossip,Bukan Pendidikan
Live reactions to fashion show,Bukan Pendidikan
First impressions of boxing match,Bukan Pendidikan
Fans debate smartphone launch online,Bukan Pendidikan
First impressions of gaming livestream,Bukan Pendidikan
First impressions of boxing match,Bukan Pendidikan
Breaking news about celebrity gossip today,Bukan Pendidikan
Top highlights from smartphone launch,Bukan Pendidikan
First impressions of fashion show,Bukan Pendidikan
Live reactions to stock market,Bukan Pendidikan
Fans debate election campaign online,Bukan Pendidikan
First impressions of travel vlog,Bukan Pendidikan
Fans debate election campaign online,Bukan Pendidikan
First impressions of fashion show,Bukan Pendidikan
Fans debate election campaign online,Bukan Pendidikan
Top highlights from fashion show,Bukan Pendidikan
First impressions of stock market,Bukan Pendidikan
Top highlights from stock market,Bukan Pendidikan
Live reactions to celebrity gossip,Bukan Pendidikan
Live reactions to election campaign,Bukan Pendidikan
Breaking news about fashion show today,Bukan Pendidikan
Fans debate fashion show online,Bukan Pendidikan
Live reactions to smartphone launch,Bukan Pendidikan
Live reactions to fashion show,Bukan Pendidikan
First impressions of stock market,Bukan Pendidikan
Fans debate travel vlog online,Bukan Pendidikan
Fans debate stock market online,Bukan Pendidikan
Breaking news about smartphone launch today,Bukan Pendidikan
Top highlights from smartphone launch,Bukan Pendidikan
Top highlights from movie premiere,Bukan Pendidikan
Top highlights from football,Bukan Pendidikan
Fans debate movie premiere online,Bukan Pendidikan
Top highlights from football,Bukan Pendidikan
Breaking news about travel vlog today,Bukan Pendidikan
Top highlights from fashion show,Bukan Pendidikan
Live reactions to gaming livestream,Bukan Pendidikan
First impressions of celebrity gossip,Bukan Pendidikan
Breaking news about car review today,Bukan Pendidikan
Top highlights from boxing match,Bukan Pendidikan
First impressions of boxing match,Bukan Pendidikan
Top highlights from movie premiere,Bukan Pendidikan
Breaking news about stock market today,Bukan Pendidikan
First impressions of celebrity gossip,Bukan Pendidikan
Breaking news about music awards today,Bukan Pendidikan
First impressions of celebrity gossip,Bukan Pendidikan
Fans debate gaming livestream online,Bukan Pendidikan
Breaking news about movie premiere today,Bukan Pendidikan
Live reactions to car review,Bukan Pendidikan
Top highlights from celebrity gossip,Bukan Pendidikan
Live reactions to celebrity gossip,Bukan Pendidikan
Fans debate music awards online,Bukan Pendidikan
Fans debate car review online,Bukan Pendidikan
Fans debate smartphone launch online,Bukan Pendidikan
Fans debate music awards online,Bukan Pendidikan
First impressions of boxing match,Bukan Pendidikan
Top highlights from car review,Bukan Pendidikan
First impressions of stock market,Bukan Pendidikan
Fans debate car review online,Bukan Pendidikan
Breaking news about car review today,Bukan Pendidikan
Breaking news about smartphone launch today,Bukan Pendidikan
Live reactions to stock market,Bukan Pendidikan
Breaking news about movie premiere today,Bukan Pendidikan
Live reactions to movie premiere,Bukan Pendidikan
Fans debate celebrity gossip online,Bukan Pendidikan
Live reactions to football,Bukan Pendidikan
First impressions of boxing match,Bukan Pendidikan
Fans debate boxing match online,Bukan Pendidikan
Top highlights from football,Bukan Pendidikan
Live reactions to stock market,Bukan Pendidikan
Top highlights from fashion show,Bukan Pendidikan
First impressions of celebrity gossip,Bukan Pendidikan
Live reactions to stock market,Bukan Pendidikan
Fans debate gaming livestream online,Bukan Pendidikan
Live reactions to music awards,Bukan Pendidikan
Breaking news about travel vlog today,Bukan Pendidikan
Live reactions to gaming livestream,Bukan Pendidikan
Live reactions to stock market,Bukan Pendidikan
Live reactions to celebrity gossip,Bukan Pendidikan
Breaking news about movie premiere today,Bukan Pendidikan
Top highlights from car review,Bukan Pendidikan
Fans debate stock market online,Bukan Pendidikan
First impressions of celebrity gossip,Bukan Pendidikan
First impressions of fashion show,Bukan Pendidikan
Top highlights from fashion show,Bukan Pendidikan
First impressions of stock market,Bukan Pendidikan
Fans debate travel vlog online,Bukan Pendidikan
First impressions of boxing match,Bukan Pendidikan
Breaking news about car review today,Bukan Pendidikan
Breaking news about music awards today,Bukan Pendidikan
Top highlights from car review,Bukan Pendidikan
Top highlights from football,Bukan Pendidikan
Breaking news about smartphone launch today,Bukan Pendidikan
Fans debate car review online,Bukan Pendidikan
Breaking news about gaming livestream today,Bukan Pendidikan
Top highlights from car review,Bukan Pendidikan
Breaking news about movie premiere today,Bukan Pendidikan
First impressions of travel vlog,Bukan Pendidikan
First impressions of stock market,Bukan Pendidikan
Live reactions to car review,Bukan Pendidikan
First impressions of gaming livestream,Bukan Pendidikan
First impressions of celebrity gossip,Bukan Pendidikan
First impressions of election campaign,Bukan Pendidikan
First impressions of election campaign,Bukan Pendidikan
Top highlights from gaming livestream,Bukan Pendidikan
Breaking news about movie premiere today,Bukan Pendidikan
Top highlights from music awards,Bukan Pendidikan
First impressions of stock market,Bukan Pendidikan
First impressions of travel vlog,Bukan Pendidikan
Breaking news about boxing match today,Bukan Pendidikan
Breaking news about election campaign today,Bukan Pendidikan
Top highlights from election campaign,Bukan Pendidikan
Breaking news about music awards today,Bukan Pendidikan
Fans debate football online,Bukan Pendidikan
Fans debate boxing match online,Bukan Pendidikan
First impressions of football,Bukan Pendidikan
Live reactions to travel vlog,Bukan Pendidikan
Top highlights from car review,Bukan Pendidikan
First impressions of gaming livestream,Bukan Pendidikan
First impressions of football,Bukan Pendidikan
Live reactions to stock market,Bukan Pendidikan
Fans debate movie premiere online,Bukan Pendidikan
Top highlights from boxing match,Bukan Pendidikan
First impressions of celebrity gossip,Bukan Pendidikan
Breaking news about gaming livestream today,Bukan Pendidikan
Fans debate smartphone launch online,Bukan Pendidikan
Live reactions to stock market,Bukan Pendidikan
Fans debate football online,Bukan Pendidikan
Fans debate music awards online,Bukan Pendidikan
Breaking news about smartphone launch today,Bukan Pendidikan
Breaking news about boxing match today,Bukan Pendidikan
Breaking news about gaming livestream today,Bukan Pendidikan
Live reactions to boxing match,Bukan Pendidikan
Top highlights from travel vlog,Bukan Pendidikan
Top highlights from music awards,Bukan Pendidikan
First impressions of boxing match,Bukan Pendidikan
Live reactions to boxing match,Bukan Pendidikan
Fans debate movie premiere online,Bukan Pendidikan
First impressions of smartphone launch,Bukan Pendidikan
Fans debate travel vlog online,Bukan Pendidikan
Live reactions to celebrity gossip,Bukan Pendidikan
Top highlights from music awards,Bukan Pendidikan
Top highlights from travel vlog,Bukan Pendidikan
Top highlights from football,Bukan Pendidikan
Top highlights from fashion show,Bukan Pendidikan
Top highlights from car review,Bukan Pendidikan
Fans debate gaming livestream online,Bukan Pendidikan
First impressions of movie premiere,Bukan Pendidikan
First impressions of travel vlog,Bukan Pendidikan
First impressions of election campaign,Bukan Pendidikan
Esports finals goes viral on social media 162,Bukan Pendidikan
Luxury car review goes viral on social media 110,Bukan Pendidikan
Renewable energy explained in a new research report 213,Pendidikan
Phone unboxing goes viral on social media 63,Bukan Pendidikan
Ancient civilizations explained in a new research report 19,Pendidikan
Neuroscience explained in a new research report 41,Pendidikan
Football transfer goes viral on social media 215,Bukan Pendidikan
Phone unboxing goes viral on social media 24,Bukan Pendidikan
Football transfer goes viral on social media 200,Bukan Pendidikan
Linear algebra explained in a new research report 133,Pendidikan
Travel vlog goes viral on social media 113,Bukan Pendidikan
Renewable energy explained in a new research report 127,Pendidikan
Movie trailer goes viral on social media 147,Bukan Pendidikan
Astronomy explained in a new research report 123,Pendidikan
Quantum computing explained in a new research report 181,Pendidikan
Celebrity interview goes viral on social media 82,Bukan Pendidikan
Movie trailer goes viral on social media 89,Bukan Pendidikan
Football transfer goes viral on social media 7,Bukan Pendidikan
Ancient civilizations explained in a new research report 191,Pendidikan
Political rally goes viral on social media 61,Bukan Pendidikan
Photosynthesis explained in a new research report 38,Pendidikan
Photosynthesis explained in a new research report 209,Pendidikan
Marine biology explained in a new research report 250,Pendidikan
Esports finals goes viral on social media 140,Bukan Pendidikan
Football transfer goes viral on social media 152,Bukan Pendidikan
Movie trailer goes viral on social media 132,Bukan Pendidikan
Luxury car review goes viral on social media 98,Bukan Pendidikan
Esports finals goes viral on social media 153,Bukan Pendidikan
Renewable energy explained in a new research report 204,Pendidikan
Ancient civilizations explained in a new research report 115,Pendidikan
Marine biology explained in a new research report 134,Pendidikan
Celebrity interview goes viral on social media 37,Bukan Pendidikan
Astronomy explained in a new research report 137,Pendidikan
Music video goes viral on social media 137,Bukan Pendidikan
Ancient civilizations explained in a new research report 79,Pendidikan
Football transfer goes viral on social media 184,Bukan Pendidikan
Neuroscience explained in a new research report 90,Pendidikan
Football transfer goes viral on social media 213,Bukan Pendidikan
Celebrity interview goes viral on social media 173,Bukan Pendidikan
Astronomy explained in a new research report 240,Pendidikan
Music video goes viral on social media 146,Bukan Pendidikan
Volcanology explained in a new research report 92,Pendidikan
Football transfer goes viral on social media 210,Bukan Pendidikan
Phone unboxing goes viral on social media 250,Bukan Pendidikan
Movie trailer goes viral on social media 149,Bukan Pendidikan
Astronomy explained in a new research report 153,Pendidikan
Marine biology explained in a new research report 212,Pendidikan
Celebrity interview goes viral on social media 243,Bukan Pendidikan
Football transfer goes viral on social media 141,Bukan Pendidikan
Movie trailer goes viral on social media 84,Bukan Pendidikan
Linear algebra explained in a new research report 164,Pendidikan
Movie trailer goes viral on social media 223,Bukan Pendidikan
Phone unboxing goes viral on social media 182,Bukan Pendidikan
Phone unboxing goes viral on social media 104,Bukan Pendidikan
Fashion week goes viral on social media 64,Bukan Pendidikan
Neuroscience explained in a new research report 114,Pendidikan
Machine learning explained in a new research report 173,Pendidikan
Astronomy explained in a new research report 171,Pendidikan
Astronomy explained in a new research report 122,Pendidikan
Political rally goes viral on social media 237,Bukan Pendidikan
Astronomy explained in a new research report 132,Pendidikan
Neuroscience explained in a new research report 161,Pendidikan
Marine biology explained in a new research report 224,Pendidikan
Machine learning explained in a new research report 25,Pendidikan
Neuroscience explained in a new research report 237,Pendidikan
Political rally goes viral on social media 143,Bukan Pendidikan
Linear algebra explained in a new research report 186,Pendidikan
Astronomy explained in a new research report 15,Pendidikan
Movie trailer goes viral on social media 46,Bukan Pendidikan
Volcanology explained in a new research report 228,Pendidikan
Neuroscience explained in a new research report 184,Pendidikan
Esports finals goes viral on social media 220,Bukan Pendidikan
Phone unboxing goes viral on social media 60,Bukan Pendidikan
Renewable energy explained in a new research report 206,Pendidikan
Volcanology explained in a new research report 179,Pendidikan
Astronomy explained in a new research report 30,Pendidikan
Ancient civilizations explained in a new research report 174,Pendidikan
Marine biology explained in a new research report 207,Pendidikan
Photosynthesis explained in a new research report 139,Pendidikan
Ancient civilizations explained in a new research report 225,Pendidikan
Linear algebra explained in a new research report 11,Pendidikan
Astronomy explained in a new research report 59,Pendidikan
Movie trailer goes viral on social media 155,Bukan Pendidikan
Linear algebra explained in a new research report 89,Pendidikan
Photosynthesis explained in a new research report 152,Pendidikan
Volcanology explained in a new research report 211,Pendidikan
Luxury car review goes viral on social media 108,Bukan Pendidikan
Football transfer goes viral on social media 208,Bukan Pendidikan
Political rally goes viral on social media 128,Bukan Pendidikan
Photosynthesis explained in a new research report 113,Pendidikan
Quantum computing explained in a new research report 117,Pendidikan
Volcanology explained in a new research report 60,Pendidikan
Ancient civilizations explained in a new research report 182,Pendidikan
Machine learning explained in a new research report 242,Pendidikan
Luxury car review goes viral on social media 116,Bukan Pendidikan
Movie trailer goes viral on social media 54,Bukan Pendidikan
Marine biology explained in a new research report 150,Pendidikan
Football transfer goes viral on social media 166,Bukan Pendidikan
Luxury car review goes viral on social media 47,Bukan Pendidikan
Ancient civilizations explained in a new research report 98,Pendidikan
Volcanology explained in a new research report 91,Pendidikan
Celebrity interview goes viral on social media 245,Bukan Pendidikan
Ancient civilizations explained in a new research report 5,Pendidikan
Luxury car review goes viral on social media 97,Bukan Pendidikan
Music video goes viral on social media 165,Bukan Pendidikan
Neuroscience explained in a new research report 105,Pendidikan
Movie trailer goes viral on social media 38,Bukan Pendidikan
Machine learning explained in a new research report 56,Pendidikan
Football transfer goes viral on social media 22,Bukan Pendidikan
Volcanology explained in a new research report 83,Pendidikan
Ancient civilizations explained in a new research report 140,Pendidikan
Volcanology explained in a new research report 230,Pendidikan
Political rally goes viral on social media 59,Bukan Pendidikan
Photosynthesis explained in a new research report 35,Pendidikan
Phone unboxing goes viral on social media 156,Bukan Pendidikan
Luxury car review goes viral on social media 219,Bukan Pendidikan
Volcanology explained in a new research report 109,Pendidikan
Movie trailer goes viral on social media 231,Bukan Pendidikan
Luxury car review goes viral on social media 74,Bukan Pendidikan
Ancient civilizations explained in a new research report 210,Pendidikan
Travel vlog goes viral on social media 90,Bukan Pendidikan
Luxury car review goes viral on social media 78,Bukan Pendidikan
Luxury car review goes viral on social media 159,Bukan Pendidikan
Luxury car review goes viral on social media 93,Bukan Pendidikan
Travel vlog goes viral on social media 238,Bukan Pendidikan
Linear algebra explained in a new research report 218,Pendidikan
Marine biology explained in a new research report 226,Pendidikan
Political rally goes viral on social media 241,Bukan Pendidikan
Travel vlog goes viral on social media 44,Bukan Pendidikan
Celebrity interview goes viral on social media 111,Bukan Pendidikan
Marine biology explained in a new research report 248,Pendidikan
Neuroscience explained in a new research report 70,Pendidikan
Renewable energy explained in a new research report 97,Pendidikan
Fashion week goes viral on social media 17,Bukan Pendidikan
Esports finals goes viral on social media 27,Bukan Pendidikan
Movie trailer goes viral on social media 35,Bukan Pendidikan
Ancient civilizations explained in a new research report 99,Pendidikan
Celebrity interview goes viral on social media 18,Bukan Pendidikan
Linear algebra explained in a new research report 6,Pendidikan
Ancient civilizations explained in a new research report 52,Pendidikan
Machine learning explained in a new research report 175,Pendidikan
Esports finals goes viral on social media 193,Bukan Pendidikan
Luxury car review goes viral on social media 176,Bukan Pendidikan
Football transfer goes viral on social media 52,Bukan Pendidikan
Travel vlog goes viral on social media 40,Bukan Pendidikan
Political rally goes viral on social media 186,Bukan Pendidikan
Neuroscience explained in a new research report 180,Pendidikan
Ancient civilizations explained in a new research report 45,Pendidikan
Luxury car review goes viral on social media 101,Bukan Pendidikan
Renewable energy explained in a new research report 63,Pendidikan
Ancient civilizations explained in a new research report 50,Pendidikan
Football transfer goes viral on social media 205,Bukan Pendidikan
Travel vlog goes viral on social media 136,Bukan Pendidikan
Esports finals goes viral on social media 160,Bukan Pendidikan
Neuroscience explained in a new research report 157,Pendidikan
Astronomy explained in a new research report 86,Pendidikan
Machine learning explained in a new research report 192,Pendidikan
Renewable energy explained in a new research report 57,Pendidikan
Volcanology explained in a new research report 197,Pendidikan
Celebrity interview goes viral on social media 168,Bukan Pendidikan
Linear algebra explained in a new research report 129,Pendidikan
Celebrity interview goes viral on social media 106,Bukan Pendidikan
Movie trailer goes viral on social media 190,Bukan Pendidikan
Marine biology explained in a new research report 42,Pendidikan
Neuroscience explained in a new research report 189,Pendidikan
Esports finals goes viral on social media 174,Bukan Pendidikan
Volcanology explained in a new research report 245,Pendidikan
Linear algebra explained in a new research report 233,Pendidikan
Travel vlog goes viral on social media 172,Bukan Pendidikan
Renewable energy explained in a new research report 124,Pendidikan
Ancient civilizations explained in a new research report 78,Pendidikan
Neuroscience explained in a new research report 62,Pendidikan
Celebrity interview goes viral on social media 247,Bukan Pendidikan
Marine biology explained in a new research report 104,Pendidikan
Celebrity interview goes viral on social media 217,Bukan Pendidikan
Astronomy explained in a new research report 168,Pendidikan
Machine learning explained in a new research report 66,Pendidikan
Football transfer goes viral on social media 138,Bukan Pendidikan
Luxury car review goes viral on social media 122,Bukan Pendidikan
Ancient civilizations explained in a new research report 88,Pendidikan
Marine biology explained in a new research report 107,Pendidikan
Luxury car review goes viral on social media 81,Bukan Pendidikan
Fashion week goes viral on social media 43,Bukan Pendidikan
Quantum computing explained in a new research report 33,Pendidikan
Movie trailer goes viral on social media 34,Bukan Pendidikan
Renewable energy explained in a new research report 203,Pendidikan
Travel vlog goes viral on social media 198,Bukan Pendidikan
Machine learning explained in a new research report 217,Pendidikan
Astronomy explained in a new research report 165,Pendidikan
Football transfer goes viral on social media 92,Bukan Pendidikan
Political rally goes viral on social media 233,Bukan Pendidikan
Renewable energy explained in a new research report 116,Pendidikan
Music video goes viral on social media 114,Bukan Pendidikan
Volcanology explained in a new research report 188,Pendidikan
Luxury car review goes viral on social media 48,Bukan Pendidikan
Astronomy explained in a new research report 21,Pendidikan
Movie trailer goes viral on social media 26,Bukan Pendidikan
Neuroscience explained in a new research report 53,Pendidikan
Photosynthesis explained in a new research report 141,Pendidikan
Photosynthesis explained in a new research report 142,Pendidikan
Music video goes viral on social media 45,Bukan Pendidikan
Quantum computing explained in a new research report 162,Pendidikan
Photosynthesis explained in a new research report 195,Pendidikan
Travel vlog goes viral on social media 216,Bukan Pendidikan
Linear algebra explained in a new research report 227,Pendidikan
Ancient civilizations explained in a new research report 201,Pendidikan
Fashion week goes viral on social media 39,Bukan Pendidikan
Neuroscience explained in a new research report 198,Pendidikan
Volcanology explained in a new research report 49,Pendidikan
Music video goes viral on social media 28,Bukan Pendidikan
Music video goes viral on social media 65,Bukan Pendidikan
Esports finals goes viral on social media 55,Bukan Pendidikan
Luxury car review goes viral on social media 62,Bukan Pendidikan
Volcanology explained in a new research report 64,Pendidikan
Political rally goes viral on social media 185,Bukan Pendidikan
Renewable energy explained in a new research report 163,Pendidikan
Music video goes viral on social media 161,Bukan Pendidikan
Travel vlog goes viral on social media 99,Bukan Pendidikan
Phone unboxing goes viral on social media 236,Bukan Pendidikan
Ancient civilizations explained in a new research report 14,Pendidikan
Quantum computing explained in a new research report 27,Pendidikan
Celebrity interview goes viral on social media 224,Bukan Pendidikan
Fashion week goes viral on social media 16,Bukan Pendidikan
Volcanology explained in a new research report 219,Pendidikan
Marine biology explained in a new research report 71,Pendidikan
Astronomy explained in a new research report 194,Pendidikan
Quantum computing explained in a new research report 110,Pendidikan
Volcanology explained in a new research report 93,Pendidikan
Linear algebra explained in a new research report 20,Pendidikan
Movie trailer goes viral on social media 203,Bukan Pendidikan
Linear algebra explained in a new research report 223,Pendidikan
Marine biology explained in a new research report 100,Pendidikan
Renewable energy explained in a new research report 101,Pendidikan
Ancient civilizations explained in a new research report 17,Pendidikan
Neuroscience explained in a new research report 96,Pendidikan
Marine biology explained in a new research report 65,Pendidikan
Esports finals goes viral on social media 133,Bukan Pendidikan
Quantum computing explained in a new research report 190,Pendidikan
Phone unboxing goes viral on social media 12,Bukan Pendidikan
Quantum computing explained in a new research report 4,Pendidikan
Music video goes viral on social media 218,Bukan Pendidikan
Football transfer goes viral on social media 144,Bukan Pendidikan
Luxury car review goes viral on social media 118,Bukan Pendidikan
Machine learning explained in a new research report 241,Pendidikan
Phone unboxing goes viral on social media 139,Bukan Pendidikan
Celebrity interview goes viral on social media 70,Bukan Pendidikan
Linear algebra explained in a new research report 215,Pendidikan
Quantum computing explained in a new research report 87,Pendidikan
Music video goes viral on social media 6,Bukan Pendidikan
Political rally goes viral on social media 209,Bukan Pendidikan
Football transfer goes viral on social media 227,Bukan Pendidikan
Renewable energy explained in a new research report 85,Pendidikan
Quantum computing explained in a new research report 216,Pendidikan
Quantum computing explained in a new research report 31,Pendidikan
Political rally goes viral on social media 192,Bukan Pendidikan
Travel vlog goes viral on social media 131,Bukan Pendidikan
Photosynthesis explained in a new research report 177,Pendidikan
Photosynthesis explained in a new research report 214,Pendidikan
Football transfer goes viral on social media 29,Bukan Pendidikan
Volcanology explained in a new research report 155,Pendidikan
Political rally goes viral on social media 221,Bukan Pendidikan
Phone unboxing goes viral on social media 232,Bukan Pendidikan
Fashion week goes viral on social media 2,Bukan Pendidikan
Phone unboxing goes viral on social media 212,Bukan Pendidikan
Photosynthesis explained in a new research report 82,Pendidikan
Quantum computing explained in a new research report 13,Pendidikan
Movie trailer goes viral on social media 157,Bukan Pendidikan
Esports finals goes viral on social media 68,Bukan Pendidikan
Music video goes viral on social media 5,Bukan Pendidikan
Movie trailer goes viral on social media 79,Bukan Pendidikan
Celebrity interview goes viral on social media 187,Bukan Pendidikan
Linear algebra explained in a new research report 58,Pendidikan
Machine learning explained in a new research report 144,Pendidikan
Travel vlog goes viral on social media 11,Bukan Pendidikan
Machine learning explained in a new research report 68,Pendidikan
Football transfer goes viral on social media 107,Bukan Pendidikan
Movie trailer goes viral on social media 188,Bukan Pendidikan
Luxury car review goes viral on social media 123,Bukan Pendidikan
Renewable energy explained in a new research report 73,Pendidikan
Music video goes viral on social media 164,Bukan Pendidikan
Music video goes viral on social media 242,Bukan Pendidikan
Football transfer goes viral on social media 33,Bukan Pendidikan
Astronomy explained in a new research report 108,Pendidikan
Volcanology explained in a new research report 199,Pendidikan
Music video goes viral on social media 199,Bukan Pendidikan
Machine learning explained in a new research report 231,Pendidikan
Phone unboxing goes viral on social media 226,Bukan Pendidikan
Movie trailer goes viral on social media 69,Bukan Pendidikan
Volcanology explained in a new research report 235,Pendidikan
Luxury car review goes viral on social media 53,Bukan Pendidikan
Political rally goes viral on social media 120,Bukan Pendidikan
Fashion week goes viral on social media 85,Bukan Pendidikan
Luxury car review goes viral on social media 225,Bukan Pendidikan
Linear algebra explained in a new research report 160,Pendidikan
Music video goes viral on social media 169,Bukan Pendidikan
Esports finals goes viral on social media 32,Bukan Pendidikan
Renewable energy explained in a new research report 61,Pendidikan
Movie trailer goes viral on social media 49,Bukan Pendidikan
Machine learning explained in a new research report 239,Pendidikan
Machine learning explained in a new research report 238,Pendidikan
Neuroscience explained in a new research report 147,Pendidikan
Travel vlog goes viral on social media 15,Bukan Pendidikan
Marine biology explained in a new research report 149,Pendidikan
Luxury car review goes viral on social media 96,Bukan Pendidikan
Football transfer goes viral on social media 180,Bukan Pendidikan
Linear algebra explained in a new research report 51,Pendidikan
Esports finals goes viral on social media 191,Bukan Pendidikan
Renewable energy explained in a new research report 249,Pendidikan
Machine learning explained in a new research report 32,Pendidikan
Quantum computing explained in a new research report 247,Pendidikan
Ancient civilizations explained in a new research report 7,Pendidikan
Luxury car review goes viral on social media 127,Bukan Pendidikan
Movie trailer goes viral on social media 41,Bukan Pendidikan
Travel vlog goes viral on social media 154,Bukan Pendidikan
Fashion week goes viral on social media 211,Bukan Pendidikan
Renewable energy explained in a new research report 170,Pendidikan
Marine biology explained in a new research report 76,Pendidikan
Celebrity interview goes viral on social media 58,Bukan Pendidikan
Esports finals goes viral on social media 75,Bukan Pendidikan
Movie trailer goes viral on social media 228,Bukan Pendidikan
Political rally goes viral on social media 66,Bukan Pendidikan
Luxury car review goes viral on social media 195,Bukan Pendidikan
Photosynthesis explained in a new research report 148,Pendidikan
Quantum computing explained in a new research report 246,Pendidikan
Ancient civilizations explained in a new research report 40,Pendidikan
Music video goes viral on social media 175,Bukan Pendidikan
Music video goes viral on social media 3,Bukan Pendidikan
Movie trailer goes viral on social media 194,Bukan Pendidikan
Marine biology explained in a new research report 119,Pendidikan
Renewable energy explained in a new research report 106,Pendidikan
Machine learning explained in a new research report 121,Pendidikan
Music video goes viral on social media 95,Bukan Pendidikan
Linear algebra explained in a new research report 39,Pendidikan
Marine biology explained in a new research report 130,Pendidikan
Linear algebra explained in a new research report 243,Pendidikan
Linear algebra explained in a new research report 34,Pendidikan
Music video goes viral on social media 20,Bukan Pendidikan
Political rally goes viral on social media 244,Bukan Pendidikan
Machine learning explained in a new research report 48,Pendidikan
Travel vlog goes viral on social media 25,Bukan Pendidikan
Travel vlog goes viral on social media 171,Bukan Pendidikan
Marine biology explained in a new research report 36,Pendidikan
Linear algebra explained in a new research report 234,Pendidikan
Political rally goes viral on social media 189,Bukan Pendidikan
Phone unboxing goes viral on social media 163,Bukan Pendidikan
Phone unboxing goes viral on social media 1,Bukan Pendidikan
Football transfer goes viral on social media 183,Bukan Pendidikan
Esports finals goes viral on social media 23,Bukan Pendidikan
Political rally goes viral on social media 214,Bukan Pendidikan
Quantum computing explained in a new research report 10,Pendidikan
Luxury car review goes viral on social media 129,Bukan Pendidikan
Neuroscience explained in a new research report 26,Pendidikan
Movie trailer goes viral on social media 36,Bukan Pendidikan
Linear algebra explained in a new research report 232,Pendidikan
Neuroscience explained in a new research report 193,Pendidikan
Quantum computing explained in a new research report 54,Pendidikan
Photosynthesis explained in a new research report 185,Pendidikan
Movie trailer goes viral on social media 77,Bukan Pendidikan
Ancient civilizations explained in a new research report 69,Pendidikan
Esports finals goes viral on social media 158,Bukan Pendidikan
Astronomy explained in a new research report 16,Pendidikan
Phone unboxing goes viral on social media 151,Bukan Pendidikan
Celebrity interview goes viral on social media 230,Bukan Pendidikan
Football transfer goes viral on social media 134,Bukan Pendidikan
Fashion week goes viral on social media 197,Bukan Pendidikan
Football transfer goes viral on social media 100,Bukan Pendidikan
Fashion week goes viral on social media 115,Bukan Pendidikan
Travel vlog goes viral on social media 150,Bukan Pendidikan
Celebrity interview goes viral on social media 102,Bukan Pendidikan
Neuroscience explained in a new research report 9,Pendidikan
Fashion week goes viral on social media 42,Bukan Pendidikan
Luxury car review goes viral on social media 125,Bukan Pendidikan
Travel vlog goes viral on social media 19,Bukan Pendidikan
Fashion week goes viral on social media 222,Bukan Pendidikan
Music video goes viral on social media 167,Bukan Pendidikan
Travel vlog goes viral on social media 109,Bukan Pendidikan
Phone unboxing goes viral on social media 126,Bukan Pendidikan
Photosynthesis explained in a new research report 220,Pendidikan
Travel vlog goes viral on social media 72,Bukan Pendidikan
Music video goes viral on social media 13,Bukan Pendidikan
Movie trailer goes viral on social media 145,Bukan Pendidikan
Neuroscience explained in a new research report 23,Pendidikan
Renewable energy explained in a new research report 75,Pendidikan
Luxury car review goes viral on social media 80,Bukan Pendidikan
Luxury car review goes viral on social media 67,Bukan Pendidikan
Travel vlog goes viral on social media 121,Bukan Pendidikan
Renewable energy explained in a new research report 146,Pendidikan
Neuroscience explained in a new research report 77,Pendidikan
Luxury car review goes viral on social media 239,Bukan Pendidikan
Phone unboxing goes viral on social media 119,Bukan Pendidikan
Astronomy explained in a new research report 167,Pendidikan
Phone unboxing goes viral on social media 142,Bukan Pendidikan
Renewable energy explained in a new research report 200,Pendidikan
Phone unboxing goes viral on social media 56,Bukan Pendidikan
Fashion week goes viral on social media 117,Bukan Pendidikan
Movie trailer goes viral on social media 240,Bukan Pendidikan
Linear algebra explained in a new research report 80,Pendidikan
Esports finals goes viral on social media 135,Bukan Pendidikan
Football transfer goes viral on social media 21,Bukan Pendidikan
Celebrity interview goes viral on social media 50,Bukan Pendidikan
Celebrity interview goes viral on social media 207,Bukan Pendidikan
Photosynthesis explained in a new research report 120,Pendidikan
Fashion week goes viral on social media 73,Bukan Pendidikan
Neuroscience explained in a new research report 156,Pendidikan
Linear algebra explained in a new research report 154,Pendidikan
Machine learning explained in a new research report 12,Pendidikan
Luxury car review goes viral on social media 235,Bukan Pendidikan
Quantum computing explained in a new research report 22,Pendidikan
Celebrity interview goes viral on social media 51,Bukan Pendidikan
Renewable energy explained in a new research report 205,Pendidikan
Volcanology explained in a new research report 74,Pendidikan
Neuroscience explained in a new research report 46,Pendidikan
Volcanology explained in a new research report 136,Pendidikan
Neuroscience explained in a new research report 47,Pendidikan
Astronomy explained in a new research report 3,Pendidikan
Political rally goes viral on social media 148,Bukan Pendidikan
Football transfer goes viral on social media 9,Bukan Pendidikan
Astronomy explained in a new research report 128,Pendidikan
Quantum computing explained in a new research report 103,Pendidikan
Celebrity interview goes viral on social media 86,Bukan Pendidikan
Phone unboxing goes viral on social media 8,Bukan Pendidikan
Machine learning explained in a new research report 143,Pendidikan
Luxury car review goes viral on social media 249,Bukan Pendidikan
Linear algebra explained in a new research report 43,Pendidikan
Esports finals goes viral on social media 204,Bukan Pendidikan
Quantum computing explained in a new research report 172,Pendidikan
Volcanology explained in a new research report 1,Pendidikan
Neuroscience explained in a new research report 94,Pendidikan
Quantum computing explained in a new research report 183,Pendidikan
Volcanology explained in a new research report 112,Pendidikan
Photosynthesis explained in a new research report 159,Pendidikan
Machine learning explained in a new research report 18,Pendidikan
Luxury car review goes viral on social media 248,Bukan Pendidikan
Astronomy explained in a new research report 166,Pendidikan
Travel vlog goes viral on social media 31,Bukan Pendidikan
Ancient civilizations explained in a new research report 169,Pendidikan
Ancient civilizations explained in a new research report 187,Pendidikan
Astronomy explained in a new research report 135,Pendidikan
Photosynthesis explained in a new research report 2,Pendidikan
Celebrity interview goes viral on social media 246,Bukan Pendidikan
Machine learning explained in a new research report 138,Pendidikan
Astronomy explained in a new research report 81,Pendidikan
Renewable energy explained in a new research report 95,Pendidikan
Machine learning explained in a new research report 236,Pendidikan
Ancient civilizations explained in a new research report 24,Pendidikan
Quantum computing explained in a new research report 151,Pendidikan
Political rally goes viral on social media 105,Bukan Pendidikan
Ancient civilizations explained in a new research report 125,Pendidikan
Phone unboxing goes viral on social media 57,Bukan Pendidikan
Quantum computing explained in a new research report 145,Pendidikan
Celebrity interview goes viral on social media 94,Bukan Pendidikan
Political rally goes viral on social media 234,Bukan Pendidikan
Luxury car review goes viral on social media 196,Bukan Pendidikan
Marine biology explained in a new research report 196,Pendidikan
Football transfer goes viral on social media 181,Bukan Pendidikan
Fashion week goes viral on social media 91,Bukan Pendidikan
Photosynthesis explained in a new research report 44,Pendidikan
Neuroscience explained in a new research report 29,Pendidikan
Photosynthesis explained in a new research report 84,Pendidikan
Linear algebra explained in a new research report 221,Pendidikan
Photosynthesis explained in a new research report 131,Pendidikan
Political rally goes viral on social media 201,Bukan Pendidikan
Phone unboxing goes viral on social media 130,Bukan Pendidikan
Music video goes viral on social media 71,Bukan Pendidikan
Astronomy explained in a new research report 37,Pendidikan
Volcanology explained in a new research report 8,Pendidikan
Photosynthesis explained in a new research report 67,Pendidikan
Luxury car review goes viral on social media 179,Bukan Pendidikan
Neuroscience explained in a new research report 28,Pendidikan
Ancient civilizations explained in a new research report 178,Pendidikan
Ancient civilizations explained in a new research report 208,Pendidikan
Linear algebra explained in a new research report 72,Pendidikan
Luxury car review goes viral on social media 76,Bukan Pendidikan
Travel vlog goes viral on social media 124,Bukan Pendidikan
Football transfer goes viral on social media 112,Bukan Pendidikan
Celebrity interview goes viral on social media 202,Bukan Pendidikan
Fashion week goes viral on social media 177,Bukan Pendidikan
Ancient civilizations explained in a new research report 102,Pendidikan
Renewable energy explained in a new research report 176,Pendidikan
Machine learning explained in a new research report 118,Pendidikan
Renewable energy explained in a new research report 111,Pendidikan
Phone unboxing goes viral on social media 103,Bukan Pendidikan
Volcanology explained in a new research report 158,Pendidikan
Phone unboxing goes viral on social media 10,Bukan Pendidikan
Ancient civilizations explained in a new research report 202,Pendidikan
Political rally goes viral on social media 206,Bukan Pendidikan
Political rally goes viral on social media 178,Bukan Pendidikan
Esports finals goes viral on social media 30,Bukan Pendidikan
Travel vlog goes viral on social media 4,Bukan Pendidikan
Movie trailer goes viral on social media 87,Bukan Pendidikan
Quantum computing explained in a new research report 222,Pendidikan
Travel vlog goes viral on social media 83,Bukan Pendidikan
Luxury car review goes viral on social media 170,Bukan Pendidikan
Movie trailer goes viral on social media 88,Bukan Pendidikan
Neuroscience explained in a new research report 55,Pendidikan
Photosynthesis explained in a new research report 229,Pendidikan
Political rally goes viral on social media 229,Bukan Pendidikan
Photosynthesis explained in a new research report 126,Pendidikan
Renewable energy explained in a new research report 244,Pendidikan
Phone unboxing goes viral on social media 14,Bukan Pendidikan